nombre,cantidad,nivel_critico_med
" CLORFENAMINA MAL 4MG",130,10
" PREDNISONA CM 5MG ",50,10
"AA SALICILICO CM 100MG",80,10
"AA SALICILICO CM 500MG",50,10
"AC FOLICO CM 1MG CJ 100",50,10
"AC FOLICO CM 5MG",50,10
"AC TRANEXAMICO 1000MG",20,10
"AC VALPROICO CM 200MG",40,10
"AGUA BIDESTILADA 10ML",150,10
"AMIODARONA AM M150 MG",20,10
"AMIODARONA CM 200MG CJ 100",20,10
"ANTIESPASMODICO COMPRIMIDO",50,10
"ANTIESPASMODICO COMPTO",200,10
"ATENOLOL CM 50MG",20,10
"ATORVASTATINA CM 20MG",200,10
"ATROPINA SULF AM 1MG",50,10
BERODUAL,20,10
"BETAMETASONA AM 4MG/1ML",150,10
"BICARBONATO SODIO 8,4% 10ML",100,10
"CALCIO CARBONATO 450-500MG",30,10
"CALCIO GLUCONATO 10% 10CC",50,10
"CAPTOPRIL CM 25MG CJ",50,10
"CIANOCOBALAMINA AM 0,1MG",50,10
"CLORANFENICOL S/OFT 0,5%",2,10
"CLORANFENICOL U/OFT 0,1%",5,10
"CLORFENAMINA AM 10MG",100,10
"CLORPROMAZINA AM 25MG",50,10
"CLORPROMAZINA CM 25MG",40,10
"EFEDRINA 6% AM 1ML",20,10
"ENALAPRILO CM 10MG",50,10
"EPINEFRINA AM 1MG",50,10
"ESPIRONOLACTONA CM 25MG",40,10
"FENITOINA SOD CM 100MG",80,10
"FITOQUINONA AM 10MG",30,10
"FUROSEMIDA AM 20MG",100,10
"FUROSEMIDA CM 40MG CJ 1000",30,10
"GENTAMICINA AM 80MG",50,10
"HALOPERIDOL AM 5MG/ML",30,10
"HEPARINA FA 25000 UI",40,10
"HIDROCLORIOTIAZIDA 50MG",30,10
"HIDROCORTISONA SUCC FA 100MG",100,10
"INSULINA CRIS HUM 100UI/ML",2,10
"INSULINA RET NPH HUM FC 10ML 100UI/1ML",2,10
"IPATROPIO 0,25/FENOTEROL 0,5 FC 20ML",20,10
"ISOSORBIDE CM 10MG",20,10
"KETOPROFENO FA 100MG/2ML",250,10
"LIDOCAINA CLORH 2% 10ML",100,10
"LIDOCAINA CLORH 4% GEL",4,10
"LOSARTAN CM 50MG",120,10
"MAGNESIO SULF 25% 5ML",50,10
"METAMIZOL AM 1GR",1000,10
"METOCLOPRAMIDA AM 10MG",120,10
"NITRENDIPINO CM 20MG",30,10
"NITROGLICERINA AM 50MG/10ML",20,10
"OFTABIOTICO COLIRIO ",2,10
"OMEPRAZOL AM 40MG",90,10
"OMEPRAZOL CM 20MG",70,10
"PARACETAMOL CM 500MG",1000,10
"PENICILINA G BENZA 1200000",50,10
"PENICILINA G SIOD 2000000",30,10
"PENICILINA G SOD FA 1000000",80,10
"PIRIDOXINA AM 10MG",100,10
"POTASIO CLORURO 10% 10ML",250,10
"PREDNISONA CM 20MG",30,10
"PROPANOLOL CM 10MG",50,10
"PROPANOLOL CM 40MG",50,10
"PROPARACAINA OFT 0,5% FCX",1,10
"RANITIDINA AM 50MG/2ML",300,10
"SALBUTAMOL INH 100MCG/1DO",3,10
"SALBUTAMOL SOL 0,5% P/NEB FC 20ML",5,10
"SODIO CLORURO 0,9% 20ML",1000,10
"SODIO CLORURO 10% 20ML",150,10
"TIAMINA AM 30MG",400,10
"VASELINA ESTERIL AM 5ML",150,10
