﻿340P205;ADAPTADOR COLA DE MILANO (NIPLE);insumos;100;10
222P272;AEROCAMARA PARA INHALADOR ADULTO;insumos;100;10
224P001;AGUJA DESECHABLE HUBER CON EXTENSOR PARA RESERVORIO IMPLANTADO 20G X 19-20MM;insumos;100;10
2520124;AGUJA DESECH.P/JER.CARP. 27 GX1 5/8 (LARGA);insumos;100;10
224P013;AGUJA DESECHABLE HUBER CON EXTENSOR PARA RESERVORIO IMPLANTADO 22G X 15-16MM;insumos;100;10
211P118;PADS APOSITOS INDIVIDUALES CON ALCOHOL ISOPROPILICO AL 70% (PACIENTES);insumos;100;10
3401400;BAJA LENGUA DESECH.CJ*100;insumos;100;10
2220459;CANULA ASPIRACION YANKAUER;insumos;100;10
2220460;CANULA MAYO #0;insumos;100;10
2220465;CANULA MAYO #1;insumos;100;10
2220470;CANULA MAYO #2;insumos;100;10
2220475;CANULA MAYO #3;insumos;100;10
2220480;CANULA MAYO #4;insumos;100;10
222P004;CANULA MAYO #5;insumos;100;10
222P067;CANULA TRAQUEOSTOMIA S/B#4.5;insumos;100;10
222P1089;CANULA TRAQUEOTOMIA P/EXTRACCION SECRESION 8 MM;insumos;100;10
222P1090;CANULA TRAQUEOTOMIA P/EXTRACCION SECRESION 8.5 MM;insumos;100;10
222P1091;CANULA TRAQUEOTOMIA P/EXTRACCION SECRESION 9 MM;insumos;100;10
340P507;CIRCUITO DE ANESTESIA CORRUGADO EXPANDIBLE ADULTO DE 1.82 MTS CON BOLSA 3 LTS, ALARGADOR DE BOLSA EXP DE ANESTESIA 150 CM CCON. 22 MM;insumos;100;10
340P211;CIRCUITO DESECHABLE ANESTESIA PEDIATRICO;insumos;100;10
340P1143;CIRCUITO DESECHABLE DE VENTILACION MECANICA NO INVASIVA CON LINEA DE PRESION UCIM;insumos;100;10
340P1308;CIRCUITOS DESECHABLE PEDIATRICO DE VENTILACION MECANICA INVASIVA;insumos;100;10
340P1193;CIRCUITO DESECHABLE DE VENTILACION MECANICA INVASIVA ADULTO UCIA;insumos;100;10
211P033;JABON CLOROHEX SOL. 2% 1000 CC;insumos;100;10
222P297;ADAPTADOR EN T PARA NEBULIZACION CERRADA EN VM;insumos;100;10
222P996;ADAPTADOR MDI BIDFIRECCIONAL 22/22MM;insumos;100;10
241P140;CONTENEDOR P/TOMA MUESTRA 60CC ESTERIL;insumos;100;10
720P076;DELANTAL DESECHABLE MANGA LARGA NO ESTERIL;insumos;100;10
340P215;ENGRAPADORA QCA. P/PIEL (ULC.35)DESECH.;insumos;100;10
2520780;EYECTOR DE SALIVA DESECHABLE;insumos;100;10
222P898;FILTROS HME TRAQUEOSTOMIA CON SALIDA DE OXIGENO;insumos;100;10
224P037;HISTOACRYL SIN APLICADOR;insumos;100;10
222P999;HUMIDIFICADOR DESECHABLE PRELLENADO, UNIVERSAL;insumos;100;10
2244525;JERINGA 3ML AG21X1.5 CJ100;insumos;100;10
2244518;JERINGA DES.TUBERCULINA 27G X 1/2;insumos;100;10
340P1323;MARCADOR QUIRURGICO (MARC. DE PIEL);insumos;100;10
222P106;MASCARARILLA O2 ALTA CONCENTRACION ADULTO CON RESERVORIO;insumos;100;10
222P087;MASCARILLA C/NBZ ADULTO;insumos;100;10
222P151;MASCARILLA C/NBZ PEDIATRICA;insumos;100;10
2222000;MASC O2 C/DOSIF Y VENTURI.AD;insumos;100;10
222P128;MASCARARILLA O2 ALTO FLUJO PEDRIATICO CON SISTEMA VENTURI;insumos;100;10
222P312;MASCARARILLA O2 ALTA CONCENTRACION PEDRIATICO CON RESERVORIO;insumos;100;10
720P022;MASCARILLAS N95 TIPO 1860 DE 3M;insumos;100;10
224P076;GLICONATO/ POLIGLECARPRONE 3/0, C/A 3/8 CIRCULO TRIANGULAR 19MM, 90 CM.;insumos;100;10
2244600;NEBULIZADOR PLASTICO UNIVERSAL;insumos;100;10
7202401;PANAL DESECH ADULTO ANATOMICO G;insumos;100;10
347P426;PAPEL DE ELECTRO EN Z 80MM MAC 400-600;insumos;100;10
720P017;SABANILLA CLINICA DESECHABLE;insumos;100;10
225P135;SET ADMINISTRACION P/BOMBA CAD LEGACY 1;insumos;100;10
2222500;SONDA P/OXIGENO ADULTO (NARICERA-BIGOTERA);insumos;100;10
222P061;SONDA P/OXIGENO PEDIATRICA (NARICERA-BIGOTERA);insumos;100;10
224P249;STERI STRIP REF 6MM X 7.5CM CX50(1541);insumos;100;10
224P005;CAMPO QUIRURGICO DE INCISION YODADO IOBAN 6650EZ, 60 X 45 CM;insumos;100;10
222P039;TUBO E/T C/BALON N3.5;insumos;100;10
222P044;TUBO E/T C/BALON N 4.5;insumos;100;10
222P030;TUBO E/T C/BALON N4.0;insumos;100;10
222P145;TUBO T, UNIVERSAL;insumos;100;10
222P866;TUBO ET ASP. SUBGLOTICA N7;insumos;100;10
222P868;TUBO ET ASP. SUBGLOTICA N8;insumos;100;10
222P870;TUBO ET ASP. SUBGLOTICA N8.5;insumos;100;10
222P871;TUBO ET ASP. SUBGLOTICA N9;insumos;100;10
222P979;V LVULA PIEZA EN T SIN RESPIRADERO TIPO NIF-TEE;insumos;100;10
340P1087;V LVULA FONACION, UNIVERSAL;insumos;100;10
340P1294;V LVULA UMBRAL PARA ENTRENAMIENTO MUSCULAR RESPIRATORIO (IMT), UNIDAD;insumos;100;10
222P1252;EJERCITADOR RESPIRATORIO VOLUMETRICO PEDIATRICO;insumos;100;10
225P038;CINTA QUIR£RGICA ESPUMA EL STICA 10CM X 5MT (TIPO MICROFOAM 1528-4);insumos;100;10
2257508;TELA ADH.CTE.CA.5CM*5MT;insumos;100;10
2257512;TELA ADH.TRANSP. 2.5 CMS;insumos;100;10
2257518;TELA ADH.TRANSP. 5CM;insumos;100;10
2257524;TELA ADHESIVA DURAPORE 2.5CM X 9.1 MTS;insumos;100;10
225P037;TELA ADHESIVA DURAPORE 5CM X 9.1MT;insumos;100;10
2257509;TELA ADHESIVA MICROPOROSA 2.5 CM X 9.1 MT.;insumos;100;10
2257511;TELA ADHESIVA MICROPOROSA 5CM X 9.1MT;insumos;100;10
211P035;ESPONJA CON JABON NEUTRO;insumos;100;10
225P050;CINTA DE TELA ADHESIVA SUAVE 10CM X 10MT(TIPO FIXOMULL);insumos;100;10
225P337;COBAN 5CM X 4.6MTS;insumos;100;10
2257080;GASA HIDROFILA RO 90CM X 91.4 MTS;insumos;100;10
225P211;GUATA SINTETICA POLYESTER 100% 20 CM;insumos;100;10
225P355;GUATA SINTETICA POLYESTER 100% 10CM;insumos;100;10
225P356;GUATA SINTETICA POLYESTER 100% 15CM;insumos;100;10
3473137;PAPEL E.E.C.FUCUDA ROJO 50MM;insumos;100;10
347P054;PAPEL TERMOSENSIBLE 57 MM.;insumos;100;10
2257468;TEJIDO TUBULAR 10 CM.ROLLO X 25 MT;insumos;100;10
2257472;TEJIDO TUBULAR 15 CM. RO*25MT.;insumos;100;10
2257476;TEJIDO TUBULAR 20 CM. RO*25MT.;insumos;100;10
2257464;TEJIDO TUBULAR 5-6CM RO*25MT;insumos;100;10
225P375;VENDA ELASTICA 10CM CAFE;insumos;100;10
225P311;HIDROGEL AMORFO EN TUBO;insumos;100;10
2256744;BOLSA PAPEL 1/2 KG PQ 1000UD;insumos;100;10
2256740;BOLSA PAPEL 1/4 KG PQ.*1000UD;insumos;100;10
2256730;BOLSA PAPEL 1L;insumos;100;10
2256742;BOLSAS PAPEL 1/8 KG PQ 1000*UD;insumos;100;10
225P203;GUANTE QUIRURGICOS LIBRE DE LATEX 6;insumos;100;10
225P394;GUANTE QUIRURGICO LIBRE DE LATEX 8,5;insumos;100;10
2252242;GUANTE QUIRURGICO LATEX 8,5 (PROCEDIMIENTO ESTERIL);insumos;100;10
225P096;GUANTE QUIRURGICO ESTERIL, LATEX 6,5 LIBRE DE POLVO;insumos;100;10
225P097;GUANTE QUIRURGICO ESTERIL, LATEX 7 LIBRE DE POLVO;insumos;100;10
225P098;GUANTE QUIRURGICO ESTERIL, LATEX 7,5 LIBRE DE POLVO;insumos;100;10
225P099;GUANTE QUIRURGICO ESTERIL, LATEX 8 LIBRE DE POLVO;insumos;100;10
225P090;GUANTE QUIRURGICOS LIBRE DE LATEX 6.5;insumos;100;10
225P093;GUANTE QUIRURGICOS LIBRE DE LATEX 7.0;insumos;100;10
225P094;GUANTE QUIRURGICOS LIBRE DE LATEX 7.5;insumos;100;10
225P152;GUANTE QUIRURGICOS LIBRE DE LATEX 8.0;insumos;100;10
225P085;MEDIAS ANTIEMBOLIA M;insumos;100;10
225P086;MEDIAS ANTIEMBOLIA L;insumos;100;10
347P124;PARCHE MARCAPASO NIHON KOHDEN;insumos;100;10
2410050;CUBRE OBJETO 20*20MM CJ X 100;insumos;100;10
241P144;PORTA OBJETO C/FRANJA ESMERILADA;insumos;100;10
2110321;ALCOHOL ETILICO 70° 250 ML (MEDIANO);insumos;100;10
211P090;ALCOHOL ETILICO 70° 125 CC (CHICO);insumos;100;10
211P036;ALCOHOL GEL BOLSA DISPENSADOR;insumos;100;10
211P003;CLORHEXIDINA AL 2% COLOREADA;insumos;100;10
340P1316;CIRCUITO DESECHABLE NEONATAL HUMIDIFICACION ACTIVA CON DOBLE CABLE CALEFACTOR SLE5000;insumos;100;10
34000119;FONENDOSCOPIO PLANO;insumos;100;10
340P1303;AGUJA ELECTROESTIMULACION 20G 100MM;insumos;100;10
340P1317;CIRCUITO DESECHABLE ADULTO-PEDIATRICO CON HUMIDIFICACION ACTIVA PARA VENTILACION MECANICA INVASIVA EN UPCP-UPCA;insumos;100;10
222P1251;EJERCITADOR RESPIRATORIO VOLUM‚TRICO ADULTO;insumos;100;10
720P093;MANTA TERMICA ADULTO BAIR HUGGER;insumos;100;10
224P438;TERMOMETRO AXILAR DIGITAL;insumos;100;10
211P110;ACIDOS GRASOS HIPEROXIGENADOS EN ACEITE;insumos;100;10
2244186;AGUJA HIP DES 19GX1 CJX100;insumos;100;10
2244200;AGUJA HIP DES 21GX1 CJX100;insumos;100;10
2244205;AGUJA HIP DES 21GX1.5 CJX100;insumos;100;10
2244215;AGUJA HIP DES 23GX1 CJX100;insumos;100;10
2244220;AGUJA HIP DES 25GX0.625 CJX100;insumos;100;10
224P325;"AGUJA HIPODERMICA DESECHABLE 30G X 1/2""";insumos;100;10
222P189;ALARGADOR ARTERIAL 150CMS MACHO-MACHO;insumos;100;10
222P140;ALARGADOR ARTERIAL 90CM M-H;insumos;100;10
222P186;ALARGADOR ARTERIAL 60 CM M-H;insumos;100;10
2224062;ALARGADOR ARTERIAL MACHO - HEMBRA 150CM FOTOSENSIB;insumos;100;10
222P192;ALARGADOR ARTERIAL MACHO MACHO 60 CM;insumos;100;10
222P540;ALARGADOR ARTERIAL MACHO-HEMBRA 150CM;insumos;100;10
222P208;ALARGADOR EN T CJ*50UDS;insumos;100;10
211P073;ALCOHOL ETILICO 70§ ENV.1LT (GRANDE);insumos;100;10
225P078;ALGINATO DE CALCIO EN MECHA [2X30 / 2.7X34];insumos;100;10
2252246;ALGINATO DE CALCIO EN PLACA [10X10];insumos;100;10
225P417;AP.TEGADERM CHG TRAN.8,5X11,5CM 1657-R;insumos;100;10
225P220;APOSITO ADH.TRANSP.EV CATETERES PERIF.PED.5 X 5.7C;insumos;100;10
2252249;APOSITO DE CONTACTO TRANSPARENTE NO ADHESIVO DE NYLON O SILICONA MICROPOROSA [7.5X10];insumos;100;10
2252252;APOSITO EV CHG CATETERES PERIFERICOS 7 X 8.5CM;insumos;100;10
222P545;DRENAJE TORACICO SIMPLE ADULTO;insumos;100;10
225P314;EQUIPO DE INFUSION PARENTERAL ESTANDAR MONOCANAL;insumos;100;10
225P372;EQUIPO DE INFUSION PARENTERAL FOTOSENSIBLE MONOCANAL;insumos;100;10
2252257;BOLSA ABIERTA CON SISTEMA ESTANDAR, COLOSTOMIA, ILEOSTOMIA 70 MM;insumos;100;10
2252254;BOLSA ABIERTA CON SISTEMA ESTANDAR, PARA COLOSTOMIA, ILEOSTOMIA 40 MM;insumos;100;10
2252256;BOLSA ABIERTA CON SISTEMA ESTANDAR, PARA COLOSTOMIA, ILEOSTOMIA 60 MM;insumos;100;10
2252253;BOLSA COLECTORA DE MEDICION DIURESIS HORARIA;insumos;100;10
2255580;BOLSA COLECTORA DE ORINA;insumos;100;10
2255590;BOLSA DES.REC.ORINA PED;insumos;100;10
347P062;BOLSA DESECHABLE P/ASPIRACION 1.0 LT;insumos;100;10
347P037;BOLSA DESECHABLE P/ASPIRACION 3.0 LT;insumos;100;10
225P032;BOLSA COLECTORA DE ORINA C/VALVULA ANTIRREFLUJO;insumos;100;10
340P026;BRAZALETE IDENT.NINA ROSADO;insumos;100;10
340P027;BRAZALETE IDENT.NINO CELESTE;insumos;100;10
340P332;BRAZALETE IDENTIFICACION TRANSPARENTE;insumos;100;10
340P351;TROCAR CATETER C/CAN.TORAX 12FR (4MMX23CM L.);insumos;100;10
222P328;CANULA TRAQUEOTOMIA C/B N4.0;insumos;100;10
2220490;CANULA INTRAVENA 14G X 50-60MM;insumos;100;10
2220457;CANULA INTRAVENA 16G X 30-35MM;insumos;100;10
2220506;CANULA INTRAVENA 16G X 50-60MM;insumos;100;10
2220502;CANULA INTRAVENA 18G X 30-35MM;insumos;100;10
2220510;CANULA INTRAVENA DE POLIURETANO 20G X 30-35MM;insumos;100;10
222P205;CANULA INTRAVENA 20G X 50-60MM;insumos;100;10
2220512;CANULA INTRAVENA DE POLIURETANO 22G X 20-30MM;insumos;100;10
222P089;CANULA INTRAVENA DE POLIURETANO 24G X 18-20MM;insumos;100;10
2,22E+31;SONDA PARA OXIGENO NEONATO (NARICERA-BIGOTERA);insumos;100;10
222P163;CANULA TRAQUEOSTOMIA C/B N4.5;insumos;100;10
222P1088;CANULA TRAQUEOTOMIA P/EXTRACCION SECRESION 7 MM;insumos;100;10
222P043;KIT CATETER PERCUTANEO 1.9 FR. 1 LUMEN;insumos;100;10
222P371;CATETER ARTERIAL 20G X 8 CMS;insumos;100;10
222P903;CATETER ARTERIAL DE 22G X 5 CM;insumos;100;10
222P373;CATETER ARTERIAL 22G X 8CMS;insumos;100;10
222P035;KIT CATETER PERCUTANEO DOBLE LUMEN 2 FR.;insumos;100;10
222P182;CATETER ARTERIAL UMBILICAL RADIOPACO 3.5 FR.;insumos;100;10
222P052;CATETER ASPIRACION 10FR;insumos;100;10
222P008;CATETER ASPIR.12FR;insumos;100;10
222P009;CATETER ASPIR.14FR;insumos;100;10
222P010;CATETER ASPIR.16FR;insumos;100;10
222P060;CATETER ASPIR.6FR UNOPL.;insumos;100;10
222P053;CATETER ASPIR.8FR;insumos;100;10
222P206;CATETER VENOSO CENTRAL DOBLE LUMEN 5 FR X 13CMS;insumos;100;10
222P212;CATETER VENOSO CENTRAL DOBLE LUMEN 7 FR X 20CM;insumos;100;10
222P211;CATETER VENOSO CENTRAL TRIPLE LUMEN 7 FR X 20CM;insumos;100;10
222P001;CATTER TRANSITORIO HEMODIALISIS DOBLE LUMEN. RAMALES RECTOS, ADULTO, 12 FR;insumos;100;10
222P400;CATETER VENOSO CENTRAL TRIPLE LUMEN 5.5 FR X 13-15CM;insumos;100;10
222P361;CATETER VENOSO CENTRAL TRIPLE LUMEN 4 FR X 13CM;insumos;100;10
2,22E+32;CATETER VENOSO CENTRAL , 2 LUMEN 4 FR X 13 CM;insumos;100;10
222P059;CATETER VENOSO CENTRAL, 1 LUMEN 16G X 20CM;insumos;100;10
222P337;CATETER VENOSO CENTRAL, 1 LUMEN 24GA X 9CM;insumos;100;10
222P113;CATETER VENOSO CENTRAL, 1 LUMEN 14G X 30CM;insumos;100;10
222P036;CATETER VENOSO UMBILICAL 4 FR;insumos;100;10
222P037;CATETER VENOSO UMBILICAL #5;insumos;100;10
225P306;PROTECTOR CUTANEO TRANSPARENTE EN SPRAY;insumos;100;10
225P248;PROTECTOR CUTANEO TRANSPARENTE EN SACHET INDIVIDUAL;insumos;100;10
244P129;CINTAS DE GLICEMIA;insumos;100;10
340P012;CLAMP UMBILICAL CJ*100UD;insumos;100;10
222P217;TUBO CORRUGADO (TIPO OMNIFLEX);insumos;100;10
222P038;CONECTOR 5 - 1;insumos;100;10
222P852;CONECTOR EN Y GRANDE LARGE Y ESTIRADO 6,4 X12,7 MM;insumos;100;10
222P003;CONECTOR SIMS;insumos;100;10
2410051;CUBRE OBJETO 22*22MM CJ X 100;insumos;100;10
340P196;CUCHILLO P/CORTADOR QCO.DE VELLO CLIPPER COD 9670;insumos;100;10
222P199;EJERCITADOR INCENTIVO RESPIRATORIO (TIPO TRIFLOW), UNIDAD;insumos;100;10
3472300;ELECTR.P/ECG.2222;insumos;100;10
2255840;EQUIPO MICROGOTEO ADM.SOL P/NINOS C/CAMARA;insumos;100;10
3402562;EQUIPO ASPIRAC. POST OPERAT..400CC. 12FR;insumos;100;10
340P208;EQUIPO ASPIRACION POST.OPERAT. 400CC 9FR;insumos;100;10
340P469;CONEXION DE OXIGENO, 2.1 MTS DE LONGITUD, LUMEN ESTRELLADO, CONECTOR ESTANDARD, LIBRE DE LATEX, EMPAQUE INDIVIDUAL;insumos;100;10
2255924;AGUJA EPICRANEAL 21G X 3/4;insumos;100;10
2255928;AGUJA MARIPOSA 23G X 19MM;insumos;100;10
2255932;AGUJA EPICRANEAL 25;insumos;100;10
225P399;ESPUMA HIDROFILICA 2 O MAS CAPAS EN LAMINAS NO ADHESIVO [10X10];insumos;100;10
225P414;ESPUMA HIDROFILICA 2 O MAS CAPAS NO ADHESIVO PARA TALON;insumos;100;10
2252248;ESPUMA HIDROFILICA 2 O MAS CAPAS EN LAMINAS NO ADHESIVO PARA TRAQUEOSTOMIA;insumos;100;10
222P368;EXTENSION MICROBORE 152 CM DE LARGO, O.5 ML DE VOL;insumos;100;10
224P034;FERULAS DIGIT 2CM X 30CM;insumos;100;10
224P226;FILTROS BACTERIANO HME CON CORRUGADO REMOVIBLE;insumos;100;10
224P149;FILTROS HME V.M ? UCI PEDI TRICA VOLUMEN TIDAL 15 A 100 ML;insumos;100;10
224P171;FILTROS HME V.M UCI PEDI TRICA VOLUMEN TIDAL HASTA 250-300 ML;insumos;100;10
224P375;FILTROS PARA PROTECCION DE EQUIPOS DE DIAGNOSTICO Y TERAPIA RESPIRATORIA;insumos;100;10
720P004;GORRO DESCHABLE PARA ENFERMERA;insumos;100;10
225P288;GUANTE QUIRURGICO ESTERIL, LATEX 6 LIBRE DE POLVO;insumos;100;10
3403160;HOJA BISTURI #10 CJ*100;insumos;100;10
3403161;HOJA BISTURI #11 CJ*100;insumos;100;10
3403163;HOJA BISTURI N15;insumos;100;10
3403164;HOJA BISTURI #20 CJ*100;insumos;100;10
3403165;HOJA BISTURI #21 CJ*100;insumos;100;10
3403166;HOJA BISTURI #22 CJ*100;insumos;100;10
3403167;HOJA BISTURI #23 CJ*100;insumos;100;10
3403168;HOJA BISTURI #24 CJ*100;insumos;100;10
3403162;HOJA BISTURI N12;insumos;100;10
2,22E+25;INTRODUCTOR PERCUTANEO 6FR;insumos;100;10
222P167;INTRODUCTOR PERCUTANEO 8FR;insumos;100;10
2244530;JERINGA 10ML AG21X1.5 CJ100;insumos;100;10
2244541;"JERINGA 20ML C/AG 21G X 1 1/2""";insumos;100;10
2244527;JERINGA 5ML AG21X1.5 CJ100;insumos;100;10
224P070;JERINGA DESECHABLE 60ML PUNTA CATETER;insumos;100;10
2244560;JERINGA 60ML PUNTA LUER - LOCK;insumos;100;10
2244517;JERINGA INSULINA 100UI;insumos;100;10
340P306;LAPIZ DE ELECTOBISTURI;insumos;100;10
222P213;CATETER ARTERIAL FEMORAL 20G X 15 A 18 CM;insumos;100;10
2226600;LLAVE 3 PASOS PLASTICA;insumos;100;10
224P006;MAQUINA DE AFEITAR DESECHABLE;insumos;100;10
720P006;MASCARILLA PARA SALA;insumos;100;10
222P1033;MASCARILLA O2 PARA TQT;insumos;100;10
720P005;MASCARILLA QUIRURGICA (PAB/IMAG);insumos;100;10
224P245;NYLON AZUL MONOFILAMENTO 5/0, 45CM SC-20;insumos;100;10
347P431;PAPEL EKG (NIHON KOHDEN) 63MM X 30MT;insumos;100;10
225P998;PARCHE CURITA REDONDO;insumos;100;10
347P091;PARCHE P/MARCAPASO EDC 2015 MINDRAY;insumos;100;10
2252262;PASTA DE RELLENO;insumos;100;10
347P112;PLACA ELECTROBISTURI NEUTRA BIPOLAR ADULTO;insumos;100;10
347P057;PLACA NEUTRA BIPOLAR PEDIATRICA;insumos;100;10
2252263;POLVO PROTECTOR PARA OSTOMIAS;insumos;100;10
222P027;PRESERVATIVO C/S LUBRICANTE;insumos;100;10
211P108;SOLUCION IRRIGACION DE HERIDAS POLIHEXANIDA Y UNDECILENAMIDOPROPIL BETAINA [350 ML];insumos;100;10
222P054;REGULADOR DE GOTEO;insumos;100;10
241P738;SELLO DE SEGURIDAD;insumos;100;10
346P228;PARCHE OCULAR AUTOADHESIVO PEDIATRICO;insumos;100;10
2252261;SISTEMA DE UNA PIEZA PARA DRENAJES, ESOFAGECTOMIA, FISTULAS PEQUENAS, UROSTOMIA;insumos;100;10
225P336;SISTEMA CERRADO DE RECOLECCION DE ORINA NEONATAL-PEDIATRICO, CON CATETER URINARIO INCORPORADO 8 FRENCH;insumos;100;10
225P335;SISTEMA CERRADO DE RECOLECCION DE ORINA NEONATAL-PEDIATRICO, CON CATETER URINARIO INCORPORADO 4 FRENCH;insumos;100;10
225P294;SISTEMA CERRADO DE RECOLECCION DE ORINA NEONATAL-PEDIATRICO, CON CATETER URINARIO INCORPORADO 6 FRENCH;insumos;100;10
2223000;SONDA ALIMENTACION 4FR;insumos;100;10
2223002;SONDA ALIMENTACION 5 FR;insumos;100;10
2223004;SONDA ALIMENTACION 6FR;insumos;100;10
2223012;SONDA ALIMENTACION 8FR;insumos;100;10
222P752;SONDA ASPIRACION CIRCUITO CERRADO 14 FR, ADAP. Y;insumos;100;10
2223619;SONDA FOLEY LATEX 10 B3CC 2VIAS;insumos;100;10
2223620;SONDA FOLEY LATEX 12 B5CC 2VIAS;insumos;100;10
2223624;SONDA FOLEY LATEX 14 B5CC 2VIAS;insumos;100;10
2223628;SONDA FOLEY LATEX 16 FR, BALON 5CC, 2VIAS;insumos;100;10
2223632;SONDA FOLEY LATEX 18 B5CC 2VIAS;insumos;100;10
2223636;SONDA FOLEY LATEX 20 B5CC 2VIAS;insumos;100;10
222P031;SONDA FOLEY LATEX 22 B30-50 3VIAS;insumos;100;10
2223641;SONDA FOLEY LATEX 22FR, B5CC, 2VIAS;insumos;100;10
2223618;SONDA FOLEY LATEX 8 B3CC 2VIAS;insumos;100;10
222P281;SONDA FOLEY SILICONA 2VIAS BALON 5-15 N14;insumos;100;10
222P224;SONDA FOLEY SILICONA 2 VIAS BALON 5-15 N*16;insumos;100;10
222P225;SONDA FOLEY SILICONA 2 VIAS BALON 5-15 N18;insumos;100;10
222P283;SONDA FOLEY SILICONA 2 VIAS BALON 5-15 N22;insumos;100;10
222P425;SONDA FOLEY SILICONA 2VIAS BALON 5-15 N12;insumos;100;10
222P282;SONDA FOLEY SILICONA 2VIAS BALON 5-15 N20;insumos;100;10
222P084;SONDA FOLEY SILICONA 6 FR;insumos;100;10
2227749;SONDA FOLEY DE SILICONA N 8;insumos;100;10
340P007;SONDA MARCAPASOS C/BALON 5 FR BIPOLAR;insumos;100;10
222P078;SONDA NASOGASTRICA 8 FR;insumos;100;10
222P062;SONDA NASOGASTRICA 10 FR;insumos;100;10
2223543;SONDA NASOGASTRICA DES 14FR;insumos;100;10
2223544;SONDA NASOGASTRICA DES. 16FR;insumos;100;10
2223542;SONDA NASOGASTRICA DES.12FR;insumos;100;10
2223545;SONDA NASOGASTRICA DESECHABLE 18FR;insumos;100;10
222P187;SONDA NASOGASTRICA DES.6FR;insumos;100;10
222P180;SONDA NASOYEYUNAL 12FR;insumos;100;10
222P046;SONDA NELATON N10;insumos;100;10
2223962;SONDA NELATON N24;insumos;100;10
222P242;SONDA NELATON N08;insumos;100;10
222P243;SONDA NELATON N12;insumos;100;10
222P244;SONDA NELATON N14;insumos;100;10
222P245;SONDA NELATON N16;insumos;100;10
224P007;CAMPO QUIRURGICO TIPO STERI-DRAPE 1015, 130 X 120 CM;insumos;100;10
222P090;TAPAS OBTURACION (ROJAS);insumos;100;10
222P176;TAPAS DESINFECCION PASIVA (CURO);insumos;100;10
222P1135;TAPON CONECTOR MICRO LIBRE DE AGUJA TRANSPARENTE;insumos;100;10
222P111;TRANSDUCTOR DE PRESION SIMPLE;insumos;100;10
340P042;TROCAR CATETER C/CAN.TORAX 10FR;insumos;100;10
340P041;TROCAR CATETER C/CAN.TORAX 20FR (6.7 MM X 41 CM L;insumos;100;10
340P039;TROCAR CATETER C/CAN.TORAX 8FR;insumos;100;10
340P040;TROCAR CATETER C/CAN.TORAX 16FR (5.3 MM X 25 CM L;insumos;100;10
340P1082;TROCAR CATETER TORAXICO CON PUNZON 28FR;insumos;100;10
340P1083;TROCAR CATETER TORAXICO CON PUNZON 32FR;insumos;100;10
340P187;TROCAR ESPINAL P.L.DES.22GX1 1/2 (0.73X40 MM);insumos;100;10
340P217;TROCAR ESPINAL P.L.DESECH.22 GX3 1/2 (72MMX8.89);insumos;100;10
340P133;TROCAR ESPINAL P.L.DESECH.25GX3 1/2(51MMX8.89);insumos;100;10
340P185;TROCAR ESPINAL P.L.DESECH.23 GX 3 1/2(0.65X90);insumos;100;10
340P005;TROCART PTA LAPIZ C/ INTROD. 27G X 3 1/2;insumos;100;10
222P161;TUBO E/T ANILLADO C/BALON N6.0;insumos;100;10
222P190;TUBO E/T ANILLADO C/BALON N6.5;insumos;100;10
222P127;TUBO E/T ANILLADO C/BALON N7.0;insumos;100;10
222P049;TUBO E/T ANILLADO C/BALON N7.5;insumos;100;10
222P050;TUBO E/T ANILLADO C/BALON N8.0;insumos;100;10
222P051;TUBO E/T ANILLADO C/BALON N8.5;insumos;100;10
222P071;TUBO E/T ANILLADO C/BALON N9;insumos;100;10
2225072;TUBO E/T C/BALON N3;insumos;100;10
222P867;TUBO ET ASP. SUBGLOTICA N7.5;insumos;100;10
2223578;TUBO ET C/B 6.5;insumos;100;10
2223582;TUBO ET C/B # 7.5;insumos;100;10
2223584;TUBO ET C/B # 8.0;insumos;100;10
222P057;TUBO ET C/B # 5.0;insumos;100;10
222P098;TUBO ET C/B # 5.5;insumos;100;10
222P099;TUBO ET C/B # 6.0;insumos;100;10
2223586;TUBO ET C/B # 8.5;insumos;100;10
2223588;TUBO ET C/B # 9.0;insumos;100;10
2223580;TUBO ET C/B #7.0;insumos;100;10
2223592;TUBO ET S/B # 2.5 DESCH;insumos;100;10
2223593;TUBO ET S/B # 3.0 DESECH;insumos;100;10
2223594;TUBO ET S/B # 3.5 DESECH;insumos;100;10
2223595;TUBO ET S/B # 4.0 DESECH;insumos;100;10
2223596;TUBO ET S/B # 4.5 DESECH;insumos;100;10
2223598;TUBO ET S/B # 5.0 DESECH;insumos;100;10
2223600;TUBO ET S/B # 5.5 DESECH;insumos;100;10
2223602;TUBO ET S/B # 6.0 DESECH;insumos;100;10
225P074;VENDA DE GASA SUAVE ELASTICADA 12CM X 4 MT;insumos;100;10
2257642;VENDA ENYESADA 10 CM;insumos;100;10
2257646;VENDA ENYESADA 12 CM;insumos;100;10
2257652;VENDA ENYESADA 15 CM;insumos;100;10
2257658;VENDA ENYESADA 20 CM;insumos;100;10
215P066;ABSORBENTE ANHIDRIDO CARBONICO;insumos;100;10
211P105;COLUTORIO BUCAL ORALGENE (CLORHEXIDINA AL 0.12%);insumos;100;10
3400137;AGUJA EPIDURAL TIPO PERIFIX 16G X 80MM;insumos;100;10
3400138;KIT EPIDURAL TIPO PERIFIX 18G X 80MM;insumos;100;10
2240241;LINO SIN AGUJA C/A 1 , 75 CM.;insumos;100;10
2240269;ACIDO POLIGLICOLICO 4-0, C/A 3/8 CIRCULO TRIANGULAR 19, 70 CM.;insumos;100;10
2240267;ACIDO POLIGLICOLICO 1/2 CIRCULO PUNTA REDONDA 65 C/A 1, 90 CM.;insumos;100;10
225P143;APOSITO ADH.TRANSP. IV CATETERES PERIFE. 7CM X 8.5;insumos;100;10
225P083;APOSITO ADHESIVO TRANSPARENTE 10 X 25 CM;insumos;100;10
225P082;APOSITO TRANSPARENTE ADHESIVO SEMIPERMEABLE DE POLIURETANO [10X10 / 10X12];insumos;100;10
225P030;APOSITO TRANSPARENTE ADHESIVO SEMIPERMEABLE DE POLIURETANO [4.4X4.4];insumos;100;10
225P031;APOSITO ADHESIVO TRANSPARENTE 6 X 7 CM;insumos;100;10
224P141;CATGUT SIMPLE 0, C/A 1/2 CIRCULO PUNTA REDONDA 24 Y 26 , 75 CM.;insumos;100;10
224P144;CATGUT SIMPLE 1. C/A 1/2 CIRCULO PUNTA REDONDA 24 Y 26, 75 CM.;insumos;100;10
224P140;CATGUT SIMPLE 1/2 CIRCULO PUNTA REDONDA 24 Y 26 C/A 2/0, 75 CM.;insumos;100;10
224P139;CATGUT SIMPLE 3-0, C/A 1/2 CIRCULO PUNTA REDONDA 24 Y 26, 75 CM.;insumos;100;10
224P138;CATGUT SIMPLE, 4-0, C/A 1/2 CIRCULO PUNTA REDONDA 22MM, 75 CM.;insumos;100;10
224P232;CATGUT SIMPLE 1/2 CIRCULO PUNTA REDONDA 17 C/A 5/0, 75 CM.;insumos;100;10
2240600;CERA P/HUESO 2.5GR;insumos;100;10
224P021;DEFID PADS;insumos;100;10
2246651;TULL DE GASA ALGODON TEJIDO DE BAJA ADHERENCIA [10X10](TIPO JELONET);insumos;100;10
2246625;GELITA HEMOSTATICA 20CM X 7CM X 0.5MM;insumos;100;10
2240651;LINO SIN AGUJA C/A 0, 75 CM.;insumos;100;10
2240240;LINO SIN AGUJA C/A 2/0, 75 CM.;insumos;100;10
224P389;GLICONATO/ POLIGLECARPRONE 3/8 CIRCULO TRIANGULAR 12 Y 13 C/A 5/0, 45 CM.;insumos;100;10
224P229;NYLON 3-0, C/A 3/8 CIRCULO TRIANGULAR 23 Y 26, 75 CM.;insumos;100;10
224P233;NYLON 1/2 CIRCULO TRIANGULAR 15 C/A 5/0, 45 CM.;insumos;100;10
224P234;NYLON AZUL MONOF 4/0, C/A CT-20, 3/8 CIRCULO 20MM, HEBRA COLOR NEGRO , LARGO 45CM.;insumos;100;10
2240274;NYLON 3/8 CIRCULO TRIANGULAR 19 C/A 3/0, 45 CM.;insumos;100;10
224P391;POLIDIOXANONA 1/2 CIRCULO 2 AGUJAS PUNTA REDONDA 26 C/A 3/0, 70 CM.;insumos;100;10
2240280;POLIDIOXANONA 0, C/A 1/2 CIRCULO PUNTA REDONDA 37MM, 90 CM.;insumos;100;10
2240281;POLIDIOXANONA 1, C/A 1/2 CIRCULO 2 AGUJAS PUNTA REDONDA 65 , 150 CM.;insumos;100;10
224P384;POLIDIOXANONA 1/2 CIRCULO PUNTA REDONDA 36 Y 38 C/A 1, 90 CM.;insumos;100;10
2240265;POLIPROPILENO 3/8 CIRCULO REVERSO CORTANTE 11 MM C/A 6/0, 45 CM.;insumos;100;10
224P026;ACIDO POLIGLICOLICO 0, C/A 1/2 CIRCULO PUNTA REDONDA 37 Y 40 C, 90 CM.;insumos;100;10
224P113;ACIDO POLIGLICOLICO 0 , C/AG 5/8 CIRCULO PUNTA REDONDA 24 Y 26, 75 CM.;insumos;100;10
224P098;ACIDO POLIGLICOLICO 1, C/A 1/2 CIRCULO PUNTA REDONDA 37 Y 40 , 90 CM.;insumos;100;10
224P073;ACIDO POLIGLICOLICO 2-0, C/A 1/2 CIRCULO PUNTA REDONDA 26 , 75 CM.;insumos;100;10
224P061;ACIDO POLIGLICOLICO 2-0, C/A 1/2 CIRCULO PUNTA REDONDA 37 Y 40, 90 CM;insumos;100;10
224P072;ACIDO POLIGLICOLICO 3-0, C/A 1/2 CIRCULO PUNTA REDONDA 26 MM, 75 CM.;insumos;100;10
224P068;ACIDO POLIGLICOLICO 3-0, C/A 1/2 CIRCULO PUNTA REDONDA 37 Y 40, 75 CM.;insumos;100;10
224P069;ACIDO POLIGLICOLICO 4-0, C/A 1/2 CIRCULO PUNTA REDONDA 26MM, 75 CM.;insumos;100;10
224P063;ACIDO POLIGLICOLICO 1/2 CIRCULO PUNTA REDONDA 17 C/A 5/0, 75 CM.POLYSORB 5/0 UL202;insumos;100;10
224P099;SEDA 1/2 CIRCULO TRIANGULAR 24 Y 26 C/A 2/0, 75 CM.;insumos;100;10
224P219;SEDA 3/0, C/A 3/8 CIRCULO TRIANGULAR 23 Y 26MM, 45 CM.;insumos;100;10
224P239;SEDA 3/8 CIRCULO TRIANGULAR 20 C/A 5/0, 45 CM.;insumos;100;10
224P088;SEDA 3/0, AGUJA 1/2 CIRCULO PUNTA REDONDA 17MM C/A , 75 CM.;insumos;100;10
224P103;SEDA 3/8 CIRCULO TRIANGULAR 19 C/A 4/0, 45 CM.;insumos;100;10
224P145;SEDA NEGRA 4/0 AG.AT MR17;insumos;100;10
224P086;SEDA 1/2 CIRCULO PUNTA REDONDA 17 C/A 5/0, 45 CM.;insumos;100;10
224P053;MONOFILAMENTO DE POLIPROPILENO 4-0 1/2 CIRCULO 2 AGUJAS PUNTA REDONDA, C/A 17MM, 90 CM.;insumos;100;10
224P054;MONOFILAMENTO DE POLIPROPILENO 5-0 C/A 17MM, 1/2 CIRCULO 2 AGUJAS PUNTA REDONDA, 90 CM.;insumos;100;10
2256540;ALGODON HIDRO.PRENSADO 1KG.;insumos;100;10
211P031;POVIDONA YOD. LAV QUI . BS X 1000CC CAJA X12LT;insumos;100;10
224P048;MOLTOPREN 0.4CM;insumos;100;10
2410209;CUBRE OBJETO 24*50MM CJ*100;insumos;100;10
3400041;CIRCUITO DESECHABLE DE VENTILACION MECANICA INVASIVA SIN LINEA DE PRESION UCIA-SAMU;insumos;100;10
2220369;CANULA INTRAVENA CON SISTEMA DE BIOSEGURIDAD 14G X 50-60MM;insumos;100;10
2220370;CANULA INTRAVENA CON SISTEMA DE BIOSEGURIDAD 16G X 30-35MM;insumos;100;10
2220371;CANULA INTRAVENA CON SISTEMA DE BIOSEGURIDAD 18G X 30-35MM;insumos;100;10
2220372;CANULA INTRAVENA CON SISTEMA DE BIOSEGURIDAD 20G X 30-35MM;insumos;100;10
2220373;CANULA INTRAVENA CON SISTEMA DE BIOSEGURIDAD 22G X 20-30MM;insumos;100;10
2220378;AEROCAMARA PARA INHALADOR PEDRIATICO;insumos;100;10
2220386;ESTILETE CONDUCTOR DE INTUBACION ADULTO, 12 FR;insumos;100;10
2220387;ADAPTADOR MDI BIDFIRECCIONAL 15/15MM;insumos;100;10
2252288;LINEA SECUNDARIA ESTANDAR COMPATIBLE CON INFUSION POR BOMBA Y POR GRAVEDAD PARA DROGAS ONCOLOGICAS;insumos;100;10
2252289;EQUIPO DE INFUSION PARENTERAL ESTANDAR BOMBA MONOCANAL DE 2 A 5 PUNTOS LIBRES DE AGUJA PRE BOMBA, COMPATIBLE CON DROGAS ONCOLOGICAS;insumos;100;10
2220389;MASCARA DE ANESTESIA DESECHABLE N1;insumos;100;10
2220390;MASCARA DE ANESTESIA DESECHABLE N2;insumos;100;10
2220391;MASCARA DE ANESTESIA DESECHABLE N3;insumos;100;10
2220393;MASCARA DE ANESTESIA DESECHABLE N5;insumos;100;10
3400084;CIRCUITO DESECHABLE ANESTESIA NEONATAL;insumos;100;10
2252294;PLACA CON SISTEMA ESTANDAR PARA COLOSTOMIA, ILESTOMIA 40 MM;insumos;100;10
2252295;PLACA CON SISTEMA ESTANDAR PARA COLOSTOMIA, ILESTOMIA 60 MM;insumos;100;10
2252296;PLACA CON SISTEMA ESTANDAR COLOSTOMIA, ILESTOMIA 70 MM;insumos;100;10
2252297;PLACA CON SISTEMA CONVEXO PARA COLOSTOMIA, ILEOSTOMIA 40 MM;insumos;100;10
2252299;PLACA FLEXIBLE, PARA COLOSTOMIA, ILEOSTOMIA (USO NEONATAL) 32MM;insumos;100;10
2220451;INTRODUCTOR TOT TIPO GUM ELASTIC BOUGIE: GUM 10FR;insumos;100;10
2220542;INTRODUCTOR GUM ELASTIC BOUGIE 15 FR;insumos;100;10
2220443;ALARGADOR VENOSO CON LLAVE DE 3 PASOS INCLUIDA, DE 10 O 15 CM DE LARGO, COMPLETAMENTE TRANSPARENTE, CONEXION LUER LOCK, EST‚RIL.;insumos;100;10
222P1455;AEROCAMARA NEONATAL;insumos;100;10
2220415;CANULA DE TRAQUEOTOMIA P/EXTRACCION DE SECRECIONES 7.5 MM CON BALON;insumos;100;10
224P479;POLYPROPYLENE 4/0 AZUL, MONOFILAMENTO, NO ABSORBIBLE AGUJA C-1 AGUJA 3/8 CIRCULO 90 CM LARGO APROXIMADO;insumos;100;10
340P2027;CIRCUITO DESECHABLE NEONATAL CON HUMIDIFICACION ACTIVA PARA NEONATOLOGIA Y UPCP;insumos;100;10
2220399;CATETER VENOSO CENTRAL 2 LUMENES 4 FR X 8CM;insumos;100;10
2250001;BOLSA EXTRACTORA DE EXPECIMEN DE 250 ML;insumos;100;10
2250003;BOLSA EXTRACTORA DE ESPECIMEN DE 1500 ML;insumos;100;10
3470135;GEL P/ELECTROCARDIOGRAMA TU 220 A 280 GR;insumos;100;10
2110015;GEL DE IRRIGACION DE HERIDAS POLIHEXANIDA Y UNDECILENAMIDOPROPIL BETAINA;insumos;100;10
3400096;BRAZALETE DE IDENTIFICACION ROJO;insumos;100;10
224P491;GLICONATO/ POLIGLECARPRONE 4-0 3/8 CIRCULO PUNTA REDONDA C/A 19MM , 45 CM.;insumos;100;10
224P492;GLICONATO/ POLIGLECARPRONE 5-0,3/8 CIRCULO, C/A 19MM TRIANGULAR , 45 CM.;insumos;100;10
224P497;MONOFILAMENTO DE POLIPROPILENO 1/2 CIRCULO PUNTA REDONDA 17 C/A 3/0, 90 CM.;insumos;100;10
224P509;KITS EPISIORRAFIA VICRYL RAPIDE C/A 2/0: POLIGLACTINA;insumos;100;10
224P510;KITS EPISIORRAFIA TIPO VICRYL RAPIDE C/A 0: POLIGLACTINA;insumos;100;10
3470136;BOLSA DESECHABLE P/ASPIRACION 2.0 LT;insumos;100;10
2252304;APOSITO CARBON ACTIVADO MAS PLATA 7,5X9,5;insumos;100;10
2250006;VENDA DE GASA ELASTICADA 4 CM X 4 MTS.;insumos;100;10
347P213;CONECTOR EN Y PARA PRESION NEGATIVA;insumos;100;10
347P214;CONTENEDOR DESECHABLE 800 ML PARA PRESION NEGATIVA;insumos;100;10
347P215;CONTENEDOR DESECHABLE 400 ML PARA PRESION NEGATIVA;insumos;100;10
347P217;KIT ESPUMA M PARA PRESION NEGATIVA;insumos;100;10
347P218;KIT ESPUMA L PARA PRESION NEGATIVA;insumos;100;10
2240006;MOLTOPREN LAMINAS DE 25CMS X 20CMS X 0,04 CMS. EN ESPUMA DENSIDAD 12 KSM3 COLOR BLANCO EN EMPAQUE DE 50 LAMINAS CADA UNA;insumos;100;10
2250017;EQUIPO PARA ADMINISTRACION SOLUCION ADULTO SIN SITIO EN Y;insumos;100;10
225P1080;MEDIAS ANTIEMBOLIA S;insumos;100;10
222P1578;DRENAJE TORACICO SIMPLE PEDIATRICO;insumos;100;10
225P499;GUANTE QUIRURGICO LIBRE DE LATEX MICROCIRUGIA 6;insumos;100;10
225P500;GUANTE QUIRURGICO LIBRE DE LATEX MICROCIRUGIA 6.5;insumos;100;10
225P501;GUANTE QUIRURGICO LIBRE DE LATEX MICROCIRUGIA 7;insumos;100;10
225P502;GUANTE QUIRURGICO ESTERIL LIBRE DE LATEX MICROCIRUGIA 7.5;insumos;100;10
225P503;GUANTE QUIRURGICO ESTERIL LIBRE DE LATEX MICROCIRUGIA 8;insumos;100;10
720P128;ESCUDO PROTECTOR FACIAL ACRILICO;insumos;100;10
2250024;APOSITO INHIBIDOR DE LA METALOPROTEASA;insumos;100;10
720P133;MASCARILLA DESECHABLE KN95;insumos;100;10
2220047;ESTILETE CONDUCTOR DE INTUBACION ADULTO, 14 FR;insumos;100;10
2220048;ESTILETE CONDUCTOR DE INTUBACION 10FR;insumos;100;10
222P1593;CATETER HEMODIALISIS 13,5FRX 24CM;insumos;100;10
2520059;CEPILLO LIMPIEZA ORAL CON ASPIRACION;insumos;100;10
2220056;SUJETADOR DE TUBO ENDOTRAQUEAL;insumos;100;10
2250030;GUANTE NITRILO TALLA S;insumos;100;10
2250031;GUANTE NITRILO TALLA M;insumos;100;10
2250032;GUANTE NITRILO TALLA L;insumos;100;10
2250038;APOSITO DE CARBON MAS PLATA DE 10X10;insumos;100;10
2220064;CATETER HEMODIALISIS DE 13.5 X 30 CM RAMAS RECTAS;insumos;100;10
7200008;SABANILLA DESECHABLE ABSORVENTE 75 X 91CM;insumos;100;10
2252307;LINEA SECUNDARIA CON FILTRO COMPATIBLE CON INFUSION POR BOMBA Y POR GRAVEDAD;insumos;100;10
211P231;APLICADOR CON CLORHEXIDINA DE 10 ML;insumos;100;10
2250049;LIGADURAS PARA TOMA DE MUESTRA;insumos;100;10
211P233;JABON DE CLORHEXIDINA 2% BOLSA 950;insumos;100;10
211P238;ALCOHOL GEL 320 ML;insumos;100;10
211P240;CLORHEXIDINA AL 2% FRASCOS DE 100 ML;insumos;100;10
22500401;APOSITO ESPUMA C/HIDROGEL 10*10CM;insumos;100;10
211P242;CLORHEXIDINA ALCOHOLICA AL 2% HISOPO O ESPONJA (PARA UPQ/IMAC);insumos;100;10
224P515;AGUJAS DESECHABLE HUBER CON EXTENSOR TIPO MARIPOSA PARA RESERVORIO IMPLANTADO;insumos;100;10
224P388;POLIPROPILENO 3/8 CIRCULO 2 AGUJAS PUNTA REDONDA 12 Y 14 C/A 5/0, 75 CM.;insumos;100;10
222P181;SONDA NASOYEYUNAL 10FR;insumos;100;10
222P198;CANULA TRAQUEOSTOMIA S/BALON N3;insumos;100;10
340P1293;V LVULA UMBRAL PARA ENTRENAMIENTO UMBRAL ESPIRATORIO (PEP), UNIDAD;insumos;100;10
224P387;POLIGLACTINA 910 3/8 CIRCULO PUNTA REDONDA 17 C/A 4/0, 75 CM.;insumos;100;10
2410052;CUBRE OBJETO 24*24MM CJ X 100;insumos;100;10
224P062;ACIDO POLIGLICOLICO 3/8 CIRCULO TRIANGULAR 26 C/A 3/0, 90 CM.POLYSORB 3/0 CL182;insumos;100;10
224P504;POLIGLACTINA 910 3/8 CIRCULO TRIANGULAR 19 ? 21 C/A 3/0, 70 CM.;insumos;100;10
2220381;CATETER DE INTERCAMBIO PARA LA VIA AEREA 19 FR;insumos;100;10
224P496;POLIDIOXANONA 3/8 CIRCULO TRIANGULAR 41609 C/A 6/0, 75 CM.;insumos;100;10
2240278;CATGUT CROMADO 1/2 CIRCULO PUNTA REDONDA 22 C/A 3/0, 75 CM.;insumos;100;10
224P246;NYLON 3/0 POLIAMIDA, MONOFILAMENTO, NO ABSORBIBLE AGUJA REVERSO CORTANTE (P3) AGUJA 3/8 AGUJA 19MM LARGO DESEABLE 45 CM;insumos;100;10
224P087;MOLTOPREN 2CM;insumos;100;10
224P156;CATGUT CROMADO 1, C/A 1/2 CIRCULO PUNTA REDONDA 37 Y 40 , 75 CM.;insumos;100;10
224P155;CATGUT CROMADO 1/2 CIRCULO PUNTA REDONDA 37 Y 40 C/A 0, 75 CM.;insumos;100;10
222P068;TUBO SILICONA 5*8 MM;esterilizacion;100;10
2252284;BOLSA NEGRA ESTERIL CERRADA;esterilizacion;100;10
225P060;APOSITO 10X20 CMS GRANEL;esterilizacion;100;10
225P1027;GASA TQT 7.5 X 7.5 CMS ESTERIL. EMPAQUE SIMPLE;esterilizacion;100;10
225P1032;HIPAFIX ESTERIL 5 X 7 CMS;esterilizacion;100;10
2240302;CAMPO DE 38X66 CM.(CON CINTA ADHESIVA DOBLE FAZ 66 CM,) ESTERIL DOBLE EMPAQUE;esterilizacion;100;10
225P1047;GASA 7,5X7,5 CM GRANEL;esterilizacion;100;10
224P123;COTONOIDES 1.3 X 1.3 CM;esterilizacion;100;10
224P276;COTONOIDE 1.3 X3.8 CM;esterilizacion;100;10
720P033;SABANA QCA.,NO ESTERIL,2X2.5 MTS.;esterilizacion;100;10
720P075;PAQUETE ROPA UNIVERSAL (4 CAMPOS: CUBIERTA MESA, CUBRE MESA MAYO, 2 CAMPOS LATERALES, 4 UTILITARIOS , 1 INFERIOR, 1 BATA L Y 2 BATAS XL);esterilizacion;100;10
222P1009;TUBO SILICONADO ESTERIL 3 MTS;esterilizacion;100;10
2252224;BOLSA LAMPARA ANGIO;esterilizacion;100;10
222P1234;TUBO SILICONADO 1.8 MTS ESTERIL;esterilizacion;100;10
2240237;MANGA ENDOSCOPIO2 A 2.5 MTS LARGO;esterilizacion;100;10
2240250;BOLSA ECOGRAFO;esterilizacion;100;10
224P122;COTONOIDES 1.3 CM X 5 CM;esterilizacion;100;10
224P277;COTONOIDE 2.5CM X 2.5CM;esterilizacion;100;10
2252280;TUBULAR DE ALGODON PARA BRAZO, ESTERIL;esterilizacion;100;10
224P377;MANGA DESECHABLE CAM LAPAROSCOPIA 2.5 MTRS;esterilizacion;100;10
224P486;KIT MANGA ESTERIL DE ULTRASONIDO;esterilizacion;100;10
225P017;HISOPO PINCELACION NO ESTERIL,GRANEL;esterilizacion;100;10
225P018;GASA QUEMADO ESPECIAL ESTERIL DOBLE EMPAQUE;esterilizacion;100;10
2252225;BOLSA BIOMBO ANGIO;esterilizacion;100;10
2252270;APOSITO MOLTOPREN 15 X 15 CMS EMPAQUE SIMPLE;esterilizacion;100;10
2252273;VENDA TOCUYO 3.5 DOBLE EMPAQUE ESTERIL;esterilizacion;100;10
2252274;VENDA TOCUYO 7CMS A GRANEL;esterilizacion;100;10
2252279;TUBULAR DE ALGODON PARA MUSLO, ESTERIL;esterilizacion;100;10
2252281;VENDA TOCUYO 3,5 CMS GRANELPANO ESTERIL;esterilizacion;100;10
225P040;GASA 5CM X 1MT ESTERIL. EMPAQUE SIMPLE;esterilizacion;100;10
225P045;HISOPO PINCELACION ESTERIL DOBLE EMPAQUE;esterilizacion;100;10
225P046;GASA 7X7 CM X 2 UDS EN EMPAQUE SIMPLE PAPEL MIXTO,ESTERIL;esterilizacion;100;10
225P1002;VENDA MOLTOPREN 15 CM X 1,5 MT, DOBLE EMPAQUE, EST‚RIL. ENVASE UNITARIO.;esterilizacion;100;10
225P047;GASAS CUADRADA 7 X 7 CMS A GRANEL;esterilizacion;100;10
225P1024;TORULA DE ALGODON PARA PUNCION ESTERIL;esterilizacion;100;10
225P1025;VENDA MOLTOPREN DOBLE EMPAQUE ESTERIL 15 X150 CM;esterilizacion;100;10
225P064;APOSITO 10X20 CMS. ESTERIL DOBLE EMPAQUE;esterilizacion;100;10
225P065;GASA CON HILO RX ESTERIL (5X70) DOBLE EMPAQUE;esterilizacion;100;10
225P1029;VENDA CRANEO ESTERIL 15 CM X 3 MT. DOBLE EMPAQUE.;esterilizacion;100;10
225P071;TORULA DE ALGODON GRANDE 3,5 GRS GRANEL;esterilizacion;100;10
225P073;APOSITO 10X20 CMS. ESTERIL EMPAQUE SIMPLE;esterilizacion;100;10
225P101;TORULA DE ALGODON 0,5 GRAMOS A GRANEL;esterilizacion;100;10
225P1026;APOSITO 40X50 CMS ESTERIL DOBLE EMPAQUE;esterilizacion;100;10
225P104;APOSITO 20X25 CMS ESTERIL. EMPAQUE SIMPLE;esterilizacion;100;10
225P1031;HIPAFIX ESTERIL 1 X 11 CMS;esterilizacion;100;10
225P1034;HIPAFIX ESTERIL PARA PABELLON 10 X 30 CMS;esterilizacion;100;10
225P1039;APOSITO 25X40 CMS ESTERIL DOBLE EMPAQUE;esterilizacion;100;10
225P1048;GASA 10X10 CMS ESTERIL. EMPAQUE SIMPLE;esterilizacion;100;10
225P1081;APOSITO 20X40 CMS ESTERIL. EMPAQUE SIMPLE;esterilizacion;100;10
225P1040;GASA 7X7 CM X 5 UDS ESTERIL. EMPAQUE SIMPLE;esterilizacion;100;10
225P200;BOLSA NEGRA ESTERIL ABIERTA;esterilizacion;100;10
225P1042;GASA 7X7 CM X 10 UDS ESTERIL DOBLE EMPAQUE;esterilizacion;100;10
225P132;COMPRESA PRELAVADA QURéRGICA, PQTE X 5 ESTERIL DOBLE EMPAQUE;esterilizacion;100;10
225P202;TUBULAR ALGODON PARA PIERNA ESTERIL;esterilizacion;100;10
225P256;VENDA DE GASA DE 10 CMS.X2 MTS, EMPAQUE SIMPLE;esterilizacion;100;10
3400021;ESPECULO DESECHABLE S;esterilizacion;100;10
225P253;SELLO OCULAR DE GASA Y ALGODON ESTERIL DOBLE EMPAQUE;esterilizacion;100;10
225P254;PUNTAS OFTALMOLOGICAS X 10 UD ESTERIL DOBLE EMPAQUE;esterilizacion;100;10
340P575;BANDEJA ASEO NEO;esterilizacion;100;10
3400022;ESPECULO DESECHABLE M;esterilizacion;100;10
340P577;BANDEJA DE ALUSA C18 (1 BANDEJA C-18);esterilizacion;100;10
340P578;COPELA NEO;esterilizacion;100;10
340P579;BANDEJA DE TRATAMIENTO (1 BANDEJA C-40, 12 TORULAS 0.5);esterilizacion;100;10
3400023;ESPECULO DESECHABLE L;esterilizacion;100;10
340P576;BANDEJA DE PROCEDIMIENTO NEO PEDIATRICO (1 BANDEJA, 10 TORULAS 0.5);esterilizacion;100;10
340P583;BANDEJA ANESTESIA GRAL DOBLE EMPAQUE (1 BANDEJA C-40);esterilizacion;100;10
340P585;BANDEJA PUNCION LUMBAR (1 BANDEJA C-40, 1 COPELA, 1 HISOPO, 3 GASAS, 1 CAMPO);esterilizacion;100;10
340P588;BANDEJA CURACION DESECHABLE;esterilizacion;100;10
340P601;BANDEJA IMAGENOLOGIA (1 BANDEJA C-18, 1 COPELA, 1 HISOPO, 5 GASAS);esterilizacion;100;10
340P602;RINON CATETERISMO ESTERIL (1 BANDEJA, 1 CAMPO FENESTRADO);esterilizacion;100;10
340P603;BANDEJA SUTURA DOBLE EMPAQUE (1 BANDEJA, 1 COPELA, 1 PINZA KELLY, 1 TIJERA, 1 PINZA ANATOMICA, 1 PORTA AGUJA, GASAS, 2 CAPOS);esterilizacion;100;10
340P580;COPELA EMPAQUE SIMPLE;esterilizacion;100;10
7200001;BATAS QUIRURGICAS ESTERILES L;esterilizacion;100;10
7202397;CAMPO PERFORADO GRANDE ESTERIL;esterilizacion;100;10
7202399;CAMPO URGENCIA GINE;esterilizacion;100;10
340P582;BANDEJA ANESTESIA REGIONAL DOBLE EMPAQUE (1 BANDEJA C-25, 1 HISOPO, 2 CAMPOS, 1 COPELA, GASAS);esterilizacion;100;10
340P975;COPELA DOBLE EMPAQUE ESTERIL PABELLON;esterilizacion;100;10
720P013;FUNDAS MAYO;esterilizacion;100;10
720P015;DELANTAL CIRUJANO REFORZADO ENVOLVENTE TALLA L;esterilizacion;100;10
720P047;SABANA ESTERIL 2.5 MTS X 2.5 MTS., REFORZADA, HIDROFOBA, ANTIEST TICA 45 GRS. MINIMO EN DOBLE EMPAQUE GRADO M‚DICO, EST‚RIL.;esterilizacion;100;10
720P050;PAQUETE OFTALMOLOGICO ESTERIL ( 1 CUBIERTA MESA, 1 FUNDA MESA MAYO, 1 S BANA, 3 BATAS);esterilizacion;100;10
720P065;BATA QCA ESTERIL SMS (REPELENTE AGUA ACEITE);esterilizacion;100;10
720P059;PAQUETE ROPA CIRUGIA CADERA (2 BATAS, 2 CAMPOS, 2 CAMPOS EN U);esterilizacion;100;10
720P073;PAQUETE DE ROPA DESECHABLE ARTROSCOPIA HOMBRO (BATAS, BOLSAS SUTURA, CUBRE MESA MAYO, CAMPO EN U , PA¤OS CLINICOS, CAMPO PARA HOMBRO,CUBREMESA INSTRUMENTAL);esterilizacion;100;10
720P074;PAQUETE DE ROPA ARTROSCOPIA DE RODILLA( 1 CUBREMESA,1 FUNDA MESA MAYO, 2 BATAS XL, 1 STOCKINETTE, 1 CAMPO U, 1 CAMPO RODILLA, 1 BOLSA FLUIDOS 6 TOALLAS 2 BANDAS ADHESIVAS);esterilizacion;100;10
720P077;PAQUETE DE ROPA ESTERIL HEMODINAMIA (2 BATA, 1 CAMPO, 1 ESCALPELO, 3 BOWL, 1 SABANA PL STICA, 1 COBERTOR EQUIPO, 3 CAMPOS);esterilizacion;100;10
720P078;PAQUETE BRONCOSCOPIA;esterilizacion;100;10
720P079;PAQUETE ENDOSCOPIA URO;esterilizacion;100;10
720P080;PAQUETE CABEZA Y CUELLO (MAXILOFACIAL);esterilizacion;100;10
720P084;PAQUETE DE PARTO ( 2 BATAS, 3 CAMPOS, 2 PIERNERAS, 3 S BANAS, 1 CLAMP);esterilizacion;100;10
720P085;PAQUETE ESPECIAL (EN U: 3 BATAS, 1 CUBIERTA INSTRUMENTAL, 1 FUNDA MESA MAYO, 1 CAMPO EN U, 1 CAMPO SUPERIOR.);esterilizacion;100;10
720P086;PAQUETE DE PROCEDIMIENTO;esterilizacion;100;10
720P099;MANTILLA R. N ESTERIL;esterilizacion;100;10
720P136;PAQUETE DE CESAREA ( 3 BATAS, 1 PERA, 2 CAMPOS, 1 CLAMP, 1 S BANA);esterilizacion;100;10
5300074;ALCOHOL ISOPROPILICO 1.000 CC;economato;100;10
5231546;ANALGESIA PABELLON PARTO;economato;100;10
5065421;ANTIPARRAS;economato;100;10
5211001;ARCHIVADOR DE PALANCA TAMANO OFICIO;economato;100;10
5065384;BATERIA CR 2032 PARA ACCUTREND SENSOR;economato;100;10
5218219;CAJA DE CARTON PARA ARCHIVO;economato;100;10
5232050;CONSULTA NUTRICIONAL CAE;economato;100;10
5218035;CARTULINA COLOR;economato;100;10
529022;CHATA PLASTICA;economato;100;10
5218112;CLIPS MEDIANO;economato;100;10
5218661;COLA FRIA;economato;100;10
5261104;COLCHON CUBIERTA DE HULE 15 CM;economato;100;10
5223006;CUADERNOS UNIVERSITARIOS CUADRO GRANDE 100 HJS.;economato;100;10
5011064;CUCHARA PLASTICA SOPERA;economato;100;10
5011077;ESPONJA LOZA TIPO BONOBRIL;economato;100;10
5238350;FICHA CLINICA CENTRALIZADO;economato;100;10
5230020;HISTORIA CLINICA PERINATAL;economato;100;10
5232223;SOLICITUD EXAMEN VIH;economato;100;10
5238553;CUIDADO ENFERMERIA NEONATAL;economato;100;10
5011001;JABON NOBLA;economato;100;10
5215003;LAPIZ GRAFITO;economato;100;10
5218131;PLUMON PIZARRA ACRILICA;economato;100;10
5218042;LAPIZ PASTA AZUL;economato;100;10
5011199;LAVALOZAS;economato;100;10
529027;LAVATORIO PLASTICO;economato;100;10
5224001;LIBRO INDICE 100 HOJAS LINEA;economato;100;10
5011202;LIMPIADOR EN CREMA;economato;100;10
5228029;LOMO PARA ARCHIVADOR ANCHO;economato;100;10
529111;PALA PLASTICA;economato;100;10
5011131;PANO MULTIUSO (NARANJO ASEO);economato;100;10
5013335;PAPEL HIGIENICO JUMBO MANZANO;economato;100;10
5218023;PITILLA CONO;economato;100;10
5212498;PLUMON FINO 0.7 MM;economato;100;10
5233092;RECETA ATENCION CERRADA;economato;100;10
5233091;RECETA ATENCION ABIERTA;economato;100;10
5236128;RECETARIO BENZODIAZEPINAS/ PSICOTROPICO;economato;100;10
5210014;ROLLO TRANSFERENCIA TERMICA 110 X 74;economato;100;10
5011019;SERVILLETA DE PAPEL CORRIENTE;economato;100;10
5237003;SOLICITUD DE PABELLON LASER;economato;100;10
5233645;RECETA MEDICA DOSIS UNITARIA;economato;100;10
5218015;TAMPON NUMERO 1;economato;100;10
52385571;TARJETA VISITA;economato;100;10
5211806;TINTA TAMPON;economato;100;10
5013333;TOALLA JUMBO;economato;100;10
5289782;TONER HP CE255;economato;100;10
5289793;TONER HP CF283A;economato;100;10
224P134;PAPEL CAF (KRAFT);economato;100;10
224P051;PAPEL MANTEQUILLA;economato;100;10
5011028;BOLSAS ASEO 50 X 70;economato;100;10
5011029;BOLSAS ASEO 70 X 90;economato;100;10
5011068;BOLSAS ASEO 80 X 110;economato;100;10
5011104;BOLSA PLASTICA TRANSPARENTE 10 X 15 (BOLSAS DE 1 KG.);economato;100;10
5011098;BOLSA PLASTICA TRANSPARENTE 15 X 30 (BOLSAS DE 1 KG);economato;100;10
5011103;BOLSA PLASTICA TRANSPARENTE 20 X 30 (BOLSAS DE 1 KG.);economato;100;10
5011102;BOLSA PLASTICA TRANSPARENTE 20 X 40 (BOLSAS DE 1 KG.);economato;100;10
5011099;BOLSA PLASTICA TRANSPARENTE 25 X 30 (BOLSAS DE 1 KG.);economato;100;10
5011100;BOLSA PLASTICA TRANSPARENTE 30 X 40 (BOLSAS DE 1 KG.);economato;100;10
5011070;BOLSA PLASTICA TRANSPARENTE 40 X 60 (BOLSAS DE 1 KG.);economato;100;10
5011101;BOLSA PLASTICA TRANSPARENTE 50 X 70 (BOLSAS DE 1 KG.);economato;100;10
5011069;BOMBILLAS CON FUELLE;economato;100;10
5011022;CERA LIQUIDA PISO PLASTICO INCOLORA;economato;100;10
5011086;CERA MADERA (ENVASE DE 1 LT.));economato;100;10
501235;CLORO 5% LIQUIDO;economato;100;10
5011003;ESCOBILLON PLASTICO;economato;100;10
5011005;MOPA REDONDA CON MANGO TIPO TRAPERO;economato;100;10
5011011;VIRUTILLA DE OLLAS;economato;100;10
5011078;AMONIO CUATERNARIO 5 GENERACION;economato;100;10
501137;GUANTES DE ASEO GRANDE;economato;100;10
5011012;GUANTES DE ASEO MEDIANO;economato;100;10
5011007;HISOPO W.C;economato;100;10
5011034;DETERGENTE EN POLVO;economato;100;10
5011032;JABON BIDON LIQUIDO NEUTRO;economato;100;10
5011013;LANA DE OLLA FINAS;economato;100;10
501261;LIMPIADOR LIQUIDO MULTIUSO (LIMPIAVIDRIOS);economato;100;10
5011076;PANOS CELULOSA (SPONGUI);economato;100;10
5011073;PECHERAS DESECHABLES ( LARGA );economato;100;10
5013334;TOALLA INTERDOBLADA;economato;100;10
501141;VASOS PLASTICOS 240CC;economato;100;10
5065205;BATERIA 9 V ALCALINA;economato;100;10
5065204;PILA ALCALINA AAA;economato;100;10
50654149;PILA GRANDE ALCALINA;economato;100;10
5065020;PILA CHICA ALCALINA AA;economato;100;10
5065315;PILA MEDIANA ALCALINA;economato;100;10
5063589;TAPONES AUDITIVOS;economato;100;10
5218019;ACCO CLIPS;economato;100;10
5218002;ALFILERES;economato;100;10
5218107;ARCHIVADOR RAPIDO C/GUSANO;economato;100;10
5218102;PLUMON PERMANENTE 1.5 MM PUNTA REDONDA;economato;100;10
5218103;PLUMON PERMANENTE BISELADO 2/5 MM;economato;100;10
5218090;CARPETA SIMPLE OFICIO S/GUSANO;economato;100;10
5218034;CARTULINA BLANCA;economato;100;10
5218184;CINTA EMBALAJE TRANSPARENTE;economato;100;10
5218191;CINTA ENMARCAJE ALY TAPE 18 MM.;economato;100;10
5213001;CLIPS 80 MM. GRANDE;economato;100;10
5213002;CLIPS N2 CHICO;economato;100;10
5218036;CORCHETES X 1000 26/6;economato;100;10
5218037;CORCHETES X 5000 26/6;economato;100;10
5218266;CORCHETES 23-6;economato;100;10
5218008;ELASTICO 100 GRS;economato;100;10
5218210;ETIQUETA INKJET 101 MM X 51 MM;economato;100;10
5213499;ETIQUETA LASER 35 MM X 25MM (FARMACIA)ETIQ.LASER/INKJET 35 X 25 MM 66 ETIQ. X HOJA;economato;100;10
5218126;LAPIZ PASTA NEGRO;economato;100;10
5218122;LAPIZ PASTA ROJO;economato;100;10
5218137;LAPIZ PASTA VERDE;economato;100;10
5218185;LAPIZ PARA ROPA;economato;100;10
5218099;MARCADOR PLUMON NEGRO;economato;100;10
5218013;SCOTCH 30MTS X 12 MM (CHICO);economato;100;10
5218017;PEGAMENTO EN BARRA 40GR;economato;100;10
5218045;TINTA TAMPON GOMA VIOLETA;economato;100;10
5212601;"ETIQUETAS 3 * 5 CMS (EXAMENES)TERMICO DIRECTO 50X30MM C1"" S1 500 ET X ROLLO";economato;100;10
5223002;CUADERNO 100 HJS CUADRO (CHICO);economato;100;10
5224004;LIBRO ACTA 200 HJS LINEA T. OFICIO;economato;100;10
5228010;LIBRO ACTAS 100 HJS LINEA T. OFICIO;economato;100;10
5228053;LIBRO ACTAS 100 HOJAS CUADRO T. OFICIO;economato;100;10
5224005;LIBRO DE CORRESPONDENCIA;economato;100;10
5224002;LIBRO INDICE 200 HJS LINEA T. OFICIO;economato;100;10
5228013;RESMA TAMANO CARTA;economato;100;10
5228014;RESMA OFICIO;economato;100;10
5227001;SOBRE 1/2 OFICIO;economato;100;10
5227002;SOBRE 1/4 OFICIO;economato;100;10
5228020;SOBRE AMERICANO;economato;100;10
5228019;SOBRE CARTA BLANCO 12*15;economato;100;10
5228021;SOBRE OFICIO BLANCO 24*34CM;economato;100;10
5232224;CARTA CONSENTIMIENTO VIH;economato;100;10
5233014;CARNET ALTO RIESGO OBSTETRICO;economato;100;10
5233020;HOJA ENFERMERIA PACIENTE PEDIATRICO;economato;100;10
5233033;HOJA ENFERMERIA PACIENTE ADULTO;economato;100;10
5233000;JUSTIFICACION DE LA NO REALIZACION O POSTERGACION DE UNA PRESTACION (EXCEPCION GARANTIA);economato;100;10
5233035;FICHA RECIEN NACIDO;economato;100;10
5236598;FORMULARIO CONSTANCIA INFORMACION PACTE GES;economato;100;10
5232016;HISTORIA EVOLUCION CLINICA;economato;100;10
5231059;HOJA ENFERMERIA INTERMEDIO PEDIATRICO;economato;100;10
5231060;HOJA ENFERMERIA PACIENTE CRITICO PEDIATRICO;economato;100;10
5238613;HOJA INTERVENCION SAMU;economato;100;10
5231120;INSTRUMENTO DE CATEGORIZACION;economato;100;10
5232000;INTERCONSULTA (GES);economato;100;10
5236033;INVENTARIO PERTENENCIAS PACIENTES UEA;economato;100;10
5233067;MEMORANDUM RAPIDO;economato;100;10
5236373;CARTOLA TRATAMIENTO RADIOTERAPIA;economato;100;10
5233003;FICHA ANESTESIA Y PABELLONES;economato;100;10
5236127;RECETARIO PACIENTE CRONICO;economato;100;10
5236152;SOLICITUD DE EXAMEN (SIMPLE);economato;100;10
5233109;SOLICITUD PARA EX DE BIOPSIA;economato;100;10
5233114;SOLICITUD ELECTROCARDIOGRAMA CAE;economato;100;10
5233116;SOLICITUD DE TRANSFUSION DE COMPONENTES SANGUINEOS;economato;100;10
5288955;CARTUCHO DE TINTA HP 122 NEGRO;economato;100;10
5288321;CD NO REGRABABLE;economato;100;10
5282030;DISCO D.V.D. - R;economato;100;10
5282052;TONER HP CE278A;economato;100;10
5286565;TONER HP CB435 A;economato;100;10
5281030;TONER HP 85-A;economato;100;10
5282053;TONER HP CF-280 A);economato;100;10
5288989;"CATRIGE BRAZALETES ADULTO 11"" (279,4 MM ) RECAUDACION ADULTO";economato;100;10
5231855;SOLICITUD EXAMENES LABORATORIO;economato;100;10
5231862;HOJA ENFERMERIA UCIM;economato;100;10
5238551;INFORME PROCESO DIAGNOSTICO;economato;100;10
5010002;REPUESTO MOPA PARA POLVO TIPO AVION;economato;100;10
500728;ALUSA PLASTICO;economato;100;10
522873;PAPEL TERMICO PARA AUTOCLAVE 10.9 ANCHO (INT 1.2);economato;100;10
5218306;CORCHETES 23/10;economato;100;10
52300002;BLOCK PRECAUCION POR CONTACTO;economato;100;10
52300003;BLOCK FLYERES PRECAUCION POR VIA AEREA;economato;100;10
5238764;FORMULARIO CONTRARREFERENCIA;economato;100;10
5238745;CIERRE DE CASO;economato;100;10
5231858;ORDEN DE ATENCION;economato;100;10
5238552;SOLICITUD DE EXAMEN UMT;economato;100;10
5231859;SOLICITUD NIVELES PLASMATICOS;economato;100;10
5236270;UNIDAD ALTO RIESGO OBTETRICO (CAE);economato;100;10
5067168;FILM PALETIZAR;economato;100;10
5230008;RECETA CHEQUE PARA ESTUPEFACIENTES;economato;100;10
50100045;TOALLA DESECHABLE DE AMONIO CUATERNARIO LIMPIEZA DE EQUIPOS;economato;100;10
52300018;INVENTARIO DE PERTENENCIAS UEI;economato;100;10
50100001;MOPA PARA POLVO TIPO AVION CON MANGO;economato;100;10
52300047;SOLICITUD DE EXAMENES EXTRASISTEMA;economato;100;10
52300019;TARJETON DE MEDICAMENTOS UEI;economato;100;10
52300001;BLOCK FLYERS PRECAUCION GOTITA;economato;100;10
52800056;TONER HP 230A;economato;100;10
50100046;TOALLA PARA EQUIPOS DE ALCOHOL ISOPROPILICO AL 70%;economato;100;10
5010003;BALDE ESTRUJADOR 14 LITROS;economato;100;10
5061384;PAPEL TERMICO 80MMX80MTRS;economato;100;10
5296586;TONER BROTHER 1060 BK;economato;100;10
5280023;CD-R IMPRIMIBLE;economato;100;10
5210017;ETIQUETA 50X100 UNIDAD IMPRESORA ZEBRA;economato;100;10
5299910;JARRO GRADUADO 2 LITROS;economato;100;10
5011235;REPUESTO DE LIMPIA VIDRIOS;economato;100;10
5280024;TAMBOR BROTHER DR-2340;economato;100;10
5283035;TONER BROTHER TN-2340;economato;100;10
5064433;ALGODON SILICONADO;economato;100;10
5218517;ARCHIVADOR VINIL OFICIO BLANCO CON 2 ANILLOS SIN PALANCA;economato;100;10
5290040;ATOMIZADOR DE PLASTICO;economato;100;10
5238588;CARNET TRATAMIENTO SIFILIS UNACESS;economato;100;10
340P347;CHATA ACERO INOXIDABLE;economato;100;10
5238274;HOJA DE ENFERMERIA UCIA;economato;100;10
5241003;VALE DE GAS 15 KG;economato;100;10
5011044;PARAFILM ROLLO 10 CM X 38 M;economato;100;10
501246;JARRO GRADUADO DE PLAST. 1LT;economato;100;10
529025;JARRO PLASTICO 500 CC;economato;100;10
529024;LAVATORIO INOXIDABLE;economato;100;10
5218258;LIBRO ACTA DE 400 HJS;economato;100;10
5218012;PAPEL CALCO OFICIO PARA LAPIZ;economato;100;10
501157;PATOS URINARIOS;economato;100;10
5061258;PILA SR 41 W 1.55 V.;economato;100;10
5300073;ALCOHOL ISOPROPILICO 500 ML;economato;100;10
501133;REPUESTO MOPA ALGODON (SIN MANGO);economato;100;10
5011009;SECAPISO DE GOMA;economato;100;10
5239888;SOLICITUD DE TRASLADO AMBULANCIA;economato;100;10
5238310;CARNET ATENCION QUIMIOTERAPIA;economato;100;10
5011087;TENEDOR PLASTICO;economato;100;10
5019998;TOALLA ASEO ROLLO TIPO WYPALL (890 HOJAS);economato;100;10
5288500;TONER HP 279A BK;economato;100;10
5011105;BOLSAS ASEO 90 X 120;economato;100;10
5011031;CLORO SACHET;economato;100;10
211P037;JABON NEUTRO ECOLAB BOLSA 950 ML;economato;100;10
5212500;CORCHETES 23/8;economato;100;10
5232040;SOLICITID INVESTIGACION BACTERIORLOGICA DE TUBERCULOSIS;economato;100;10
5231067;EXAMENES UMR (GYO);economato;100;10
5231068;RESUMEN HISTORIA CLINICA UNIDAD MEDICINA REPRODUCTIVA;economato;100;10
5011411;VASOS TERMICOS PLUMAVIT 200-240CC (UCA);economato;100;10
5001315;VASOS BIODEGRADABLES;economato;100;10
5001316;CUCHARA BIODEGRADABLE;economato;100;10
5228058;ETIQUETA ADHESIVA 8 MM X 20 MM;economato;100;10
5233090;RECETA LENTES;economato;100;10
5236078;ECOGRAFIA OFTALMOLOGICA;economato;100;10
5228035;PAPEL FAX 210;economato;100;10
5281055;TONER BROTHER TN-420;economato;100;10
5280009;TONER HP 26A BK;economato;100;10
5231527;CARNET DE SEGUIMIENTO ONCOLOGIA;economato;100;10
5236104;RECETARIO OTROS PROFESIONALE;economato;100;10
5238554;FORMULARIO DE PRESENTACIONES CIUDADANAS UAP;economato;100;10
5238538;HOJA REGISTRO HEMODIALISIS;economato;100;10
5289766;TAMBOR BROTHER DR- 420;economato;100;10
5232007;INDICACIONES MEDICAS GINECOLOGIA;economato;100;10
52300048;CARNET DE ALTA RN;economato;100;10
5241001;VALE DE GAS 5 KG.;economato;100;10
5290025;BACINICA PLASTICA;economato;100;10
5236145;SOLICITUD MEDICAMENTOS ONCOLOGICOS;economato;100;10
5239658;CARNET RADIOTERAPIA Y QUIMIOTERAPIA;economato;100;10
529048;TENEDORES BIODEGRADABLES;economato;100;10
5233054;HOJA ENFERMERIA RECUPERACION ANESTESICA;economato;100;10
5233077;BOLETA DE ALCOHOLEMIA UEA;economato;100;10
