﻿id;name;username;password;user_level;status;last_login
1;Admin Users;admin;admin;1;1;
2;Special User;special;special;2;1;
3;Default User;user;user;3;1;
4;Box 1;Box 1;Box 1;3;1;
5;Box 2;Box 2;Box 2;3;1;
6;Sala Mixto 1;Sala Mixto 1;Sala Mixto 1;3;1;
7;Sala Mixto 2;Sala Mixto 2;Sala Mixto 2;3;1;
8;Sala Mixto 3;Sala Mixto 3;Sala Mixto 3;3;1;
9;Box Dental;Box Dental;Box Dental;3;1;
10;Box REA;Box REA;Box REA;3;1;
11;Box Priorizador;Box Priorizador;Box Priorizador;3;1;
12;Box de material;Box de material;Box de material;3;1;
13;Box REA respiratorio;Box REA respiratorio;Box REA respiratorio;3;1;
14;Sala de procedimiento Quirurgico;Sala de procedimiento Quirurgico;Sala de procedimiento Quirurgico;3;1;
